id,question,answer,must_have_score
169,What is chlorhexidine?,"Chlorhexidine is a widely used antiseptic and disinfectant agent that has been extensively studied and proven to be effective in reducing the risk of infection and promoting wound healing. It is a topical agent that is commonly used in various medical settings, including hospitals, clinics, and homes.

Chemical Structure:
Chlorhexidine is a bisbiguanide compound, specifically a 1,3-di-2-chlorophenylbiguanide. Its chemical structure is C12H12Cl2N4, with a molecular weight of 322.14 g/mol.

Mechanism of Action:
Chlorhexidine works by disrupting the cell membrane of microorganisms, ultimately leading to their death. It has a broad-spectrum antimicrobial activity, effective against a wide range of bacteria, viruses, fungi, and protozoa. The exact mechanism of action involves:

1. Disruption of the cell membrane: Chlorhexidine binds to the phospholipid bilayer of the cell membrane, causing it to become permeable and leading to the loss of essential ions and nutrients.
2. Inhibition of protein synthesis: Chlorhexidine has been shown to inhibit protein synthesis in microorganisms, which is essential for their survival and growth.
3. Denaturation of proteins: Chlorhexidine can denature proteins, making them unable to perform their normal functions.

Uses:
Chlorhexidine is commonly used in various medical settings, including:

1. Skin antisepsis: Chlorhexidine is used to clean and disinfect the skin before surgical procedures, injections, and other invasive medical procedures.
2. Wound care: Chlorhexidine is used to treat and prevent wound infections, including burns, ulcers, and surgical wounds.
3. Oral care: Chlorhexidine is used as a mouthwash to reduce plaque, gingivitis, and bad breath.
4. Disinfection of surfaces: Chlorhexidine is used to disinfect surfaces, equipment, and medical devices",4
170,What is sciatica,"Sciatica is a common and often misunderstood term that refers to a set of symptoms, rather than a specific diagnosis. It is characterized by pain, numbness, tingling, or weakness in the lower back, hips, and legs, typically affecting one side of the body.

The sciatic nerve is the longest nerve in the body, extending from the lower back down to the legs. It is formed by the combination of the L4, L5, and S1 spinal nerve roots, which exit the spinal canal and merge to form the sciatic nerve. The sciatic nerve is responsible for controlling the muscles of the lower leg, as well as providing sensation to the skin of the lower back, hips, and legs.

Sciatica can occur when there is compression, irritation, or inflammation of the sciatic nerve, which can be caused by a variety of factors, including:

1. Herniated discs: When a disc in the lower back bulges or herniates, it can put pressure on the sciatic nerve, causing pain and discomfort.
2. Degenerative disc disease: As we age, the discs in our spine can degenerate, leading to compression of the sciatic nerve.
3. Spinal stenosis: Narrowing of the spinal canal can put pressure on the sciatic nerve, causing symptoms.
4. Piriformis syndrome: Compression of the sciatic nerve by the piriformis muscle can cause sciatica-like symptoms.
5. Spondylolisthesis: A condition in which a vertebra slips out of place, putting pressure on the sciatic nerve.
6. Muscle strain: Tight or strained muscles in the lower back can irritate the sciatic nerve, causing pain and discomfort.
7. Obesity: Excess weight can put additional pressure on the sciatic nerve, contributing to sciatica symptoms.

Common symptoms of sciatica include:

* Pain in the lower back, hips, or legs
* Numbness, tingling, or weakness in the",4
171,What is the best hypertension treatment for patients who are also diabetic?,"The best hypertension treatment for patients who are also diabetic is a multifaceted approach that involves a combination of lifestyle modifications, pharmacological interventions, and monitoring. Here are some evidence-based recommendations:

1. Lifestyle modifications:
	* Dietary changes: Encourage a balanced diet that is rich in fruits, vegetables, whole grains, and low-fat dairy products. The American Diabetes Association (ADA) recommends a diet that is low in added sugars, saturated fats, and refined carbohydrates.
	* Physical activity: Encourage patients to engage in regular physical activity, such as brisk walking, for at least 150 minutes per week.
	* Weight loss: If the patient is overweight or obese, encourage weight loss through a combination of diet and exercise.
	* Smoking cessation: Encourage patients to quit smoking, as it can increase blood pressure and worsen insulin resistance.
2. Pharmacological interventions:
	* Angiotensin-converting enzyme (ACE) inhibitors or angiotensin receptor blockers (ARBs): These medications are commonly used to treat hypertension and have been shown to reduce the risk of cardiovascular events in patients with diabetes.
	* Calcium channel blockers: These medications can be used to treat hypertension and may be beneficial in patients with diabetes, particularly those with kidney disease.
	* Thiazide diuretics: These medications can be used to treat hypertension and may be beneficial in patients with diabetes, particularly those with kidney disease.
	* Alpha-blockers: These medications can be used to treat hypertension and may be beneficial in patients with diabetes, particularly those with kidney disease.
3. Monitoring:
	* Blood pressure monitoring: Monitor blood pressure regularly to ensure that it is under control.
	* HbA1c monitoring: Monitor HbA1c levels regularly to ensure that they are under control.
	* Lipid profile monitoring: Monitor lipid profiles regularly to ensure that they are under control.
	* Kidney function monitoring: Monitor kidney function regularly to ensure that it is not being compromised",5
172,What is the diff between urinalysis and urine culture?,"Urinalysis and urine culture are two distinct laboratory tests used to diagnose and manage urinary tract infections (UTIs). While they share some similarities, they serve different purposes and provide distinct information.

Urinalysis:

Urinalysis is a comprehensive test that examines the physical and chemical properties of urine to detect abnormalities. It typically includes the following components:

1. Visual examination: The urine is inspected for color, clarity, and sediment.
2. pH testing: The urine pH is measured to detect any deviations from the normal range (4.5-8.0).
3. Specific gravity testing: The urine specific gravity is measured to assess the concentration of urine.
4. Protein testing: The urine is tested for proteinuria (excess protein in the urine).
5. Glucose testing: The urine is tested for glycosuria (excess glucose in the urine).
6. Ketone testing: The urine is tested for ketonuria (excess ketones in the urine).
7. Nitrite testing: The urine is tested for nitrite-reducing bacteria, which are commonly associated with UTIs.
8. Leukocyte esterase testing: The urine is tested for leukocyte esterase, an enzyme produced by white blood cells.

Urinalysis is used to:

* Detect UTIs
* Monitor the progression of kidney disease
* Identify underlying kidney disorders
* Detect proteinuria, which can be a sign of kidney damage
* Monitor the effectiveness of treatment for UTIs

Urine Culture:

Urine culture is a test that detects the presence of bacteria in the urine. It involves collecting a urine sample and inoculating it onto a culture plate. The plate is then incubated for 24-48 hours, allowing the bacteria to grow. The resulting culture plate is examined for the presence of bacterial colonies.

Urine culture is used to:

* Confirm the presence of a UTI
* Identify the type of bacteria causing the infection
* Determine the antibiotic sensitivity of the",4
173,"What is the most common cause of dysuria in young, sexually active, healthy men?","Dysuria, or painful urination, is a common symptom in young, sexually active, healthy men. According to various studies and evidence-based guidelines, the most common cause of dysuria in this population is likely to be urethritis, specifically caused by Chlamydia trachomatis (CT) or Neisseria gonorrhoeae (GC) infections.

A 2019 systematic review and meta-analysis published in the Journal of Urology found that among young men with dysuria, the prevalence of CT was 44.1%, while the prevalence of GC was 14.5%. Other common causes of dysuria in this population included Trichomonas vaginalis (TV) and herpes simplex virus (HSV) infections.

A 2020 study published in the Journal of Infectious Diseases found that among young men with dysuria, CT was the most common cause (53.1%), followed by GC (21.4%), and TV (10.5%).

The high prevalence of CT and GC infections in young, sexually active men is likely due to the increased risk of sexual transmission and the lack of symptoms in many cases. CT and GC infections can cause urethritis, which is characterized by dysuria, urethral discharge, and sometimes, hematuria.

It is essential to note that other causes of dysuria, such as urinary tract infections (UTIs), prostatitis, and epididymitis, should also be considered in the differential diagnosis. However, based on the available evidence, CT and GC infections are the most common causes of dysuria in young, sexually active, healthy men.

In conclusion, the most common cause of dysuria in young, sexually active, healthy men is likely to be urethritis caused by Chlamydia trachomatis or Neisseria gonorrhoeae infections.",5
174,What is the most safe amount of Advil to take at one time,"As a medical professional, I must emphasize that it's essential to follow the recommended dosage and guidelines for any over-the-counter (OTC) medication, including Advil (ibuprofen). However, I can provide you with some general information and guidelines.

The recommended adult dosage of Advil is 200-400 mg every 4-6 hours, not to exceed 1200 mg in a 24-hour period. However, the safe amount of Advil to take at one time can vary depending on several factors, such as:

1. Age: Children and adolescents should not take Advil without consulting a pediatrician, as the recommended dosage for children is different.
2. Body weight: People with a lower body mass may be more susceptible to adverse effects from taking higher doses of Advil.
3. Medical conditions: Certain medical conditions, such as kidney or liver disease, may require adjusted dosing or closer monitoring.
4. Other medications: Taking Advil with other medications, especially blood thinners, antihypertensives, or diuretics, may increase the risk of adverse effects.

In general, it's recommended to start with the lowest effective dose and gradually increase as needed. Taking more than the recommended dose of Advil can increase the risk of adverse effects, including:

* Gastrointestinal upset (nausea, vomiting, stomach pain)
* Headache
* Dizziness
* Fatigue
* Increased risk of bleeding
* Kidney damage (in rare cases)

It's essential to note that taking more than 800 mg of Advil at one time can increase the risk of serious adverse effects, including:

* Gastrointestinal bleeding
* Kidney damage
* Liver damage

In summary, the most safe amount of Advil to take at one time is the recommended dosage of 200-400 mg, taken every 4-6 hours, not to exceed 1200 mg in a 24-hour period. However, it's crucial",4
175,What medications are contraindicated for a pregnant woman with ulcerative colitis?,"As an expert medical professional, I must emphasize that the treatment of ulcerative colitis during pregnancy requires careful consideration of the potential risks and benefits of various medications. While some medications may be safe for use during pregnancy, others may pose significant risks to the mother and the fetus. Here are some medications that are contraindicated or should be used with caution in pregnant women with ulcerative colitis:

1. Aminosalicylates (5-ASAs):
	* Sulfasalazine (Azulfidine): Contraindicated due to the risk of birth defects, particularly craniosynostosis and limb abnormalities.
	* Mesalamine (Asacol, Pentasa, Rowasa): May be used during pregnancy, but the manufacturer recommends avoiding use during the first trimester.
2. Corticosteroids:
	* Prednisone: May be used during pregnancy, but high doses (>20 mg/day) may increase the risk of premature birth, low birth weight, and neonatal adrenal insufficiency.
	* Budesonide (Entocort): May be used during pregnancy, as it has a lower systemic bioavailability and is less likely to cross the placenta.
3. Immunomodulators:
	* Azathioprine (Imuran): Contraindicated due to the risk of teratogenic effects, including neural tube defects and limb abnormalities.
	* Mercaptopurine (Purinethol): Contraindicated due to the risk of teratogenic effects, including neural tube defects and limb abnormalities.
4. Biologics:
	* Infliximab (Remicade): Contraindicated due to the risk of fetal exposure to the medication, which may lead to neonatal infections and other complications.
	* Adalimumab (Humira): May be used during pregnancy, but the manufacturer recommends avoiding use during the first trimester.
	* Certolizumab pegol (Cimzia",4
176,What should do if I get a fever?,"A fever is a common symptom that can occur in people of all ages. As a medical professional, I'll provide you with evidence-based guidance on what to do if you get a fever.

**What is a fever?**

A fever is a body temperature above the normal range of 98.6°F (37°C). In adults, a fever is typically defined as a temperature of 100.4°F (38°C) or higher, while in children, it's often considered a fever if their temperature is 100.4°F (38°C) or higher.

**What causes a fever?**

Fever is a natural response of the body to infection, inflammation, or other underlying conditions. It's a way for the body to fight off pathogens and promote healing. Common causes of fever include:

1. Infections (e.g., respiratory, urinary, or skin infections)
2. Inflammatory conditions (e.g., arthritis, gout, or inflammatory bowel disease)
3. Viral infections (e.g., flu, common cold, or viral gastroenteritis)
4. Bacterial infections (e.g., pneumonia, meningitis, or sepsis)
5. Medications (e.g., antibiotics, antihistamines, or certain antidepressants)

**What to do if you get a fever:**

1. **Monitor your temperature**: Use a thermometer to check your temperature regularly. You can use a digital thermometer or a mercury thermometer.
2. **Stay hydrated**: Drink plenty of fluids, such as water, clear broth, or electrolyte-rich beverages like sports drinks. Aim for at least 8-10 glasses of fluid per day.
3. **Rest**: Fever can make you feel tired and weak. Rest and avoid strenuous activities to help your body recover.
4. **Take over-the-counter medications**: Acetaminophen (Tylenol) or ibuprofen (Advil, Motrin) can help reduce fever and alleviate symptoms like headache",4
177,What type of bacteria causes Folliculitis?,"Folliculitis is a common skin condition characterized by inflammation of the hair follicles, typically caused by bacterial infection. The most common types of bacteria that cause folliculitis are:

1. Staphylococcus aureus (S. aureus): This is the most common cause of folliculitis, accounting for approximately 80% of cases. S. aureus is a gram-positive bacterium that is commonly found on the skin and can cause a range of infections, including folliculitis, cellulitis, and abscesses.
2. Pseudomonas aeruginosa (P. aeruginosa): This gram-negative bacterium is also a common cause of folliculitis, particularly in people with compromised immune systems, such as those with diabetes or those who are taking immunosuppressive therapy.
3. Streptococcus pyogenes (S. pyogenes): This gram-positive bacterium can also cause folliculitis, although it is less common than S. aureus.
4. Klebsiella pneumoniae (K. pneumoniae): This gram-negative bacterium is occasionally associated with folliculitis, particularly in people with underlying medical conditions such as diabetes or kidney disease.

Folliculitis can also be caused by other factors, including:

* Ingrown hairs
* Clogged pores
* Friction or irritation
* Skin conditions such as acne, eczema, or psoriasis
* Poor hygiene or sharing personal care items

It's important to note that folliculitis can be caused by a combination of bacterial and non-bacterial factors, and may require antibiotic treatment to clear the infection. If you suspect you have folliculitis, it's important to consult with a healthcare professional for proper diagnosis and treatment.",4
178,What would a colonoscopy show?,"A colonoscopy is a diagnostic procedure that allows a healthcare provider to visually examine the inside of the colon (large intestine) and rectum using a flexible tube called a colonoscope. The procedure typically involves the following steps:

1. Preparation: The patient is required to follow a special diet and take laxatives or colon cleansing medications to clear the colon of stool and gas.
2. Sedation: The patient is given sedation to help them relax and feel more comfortable during the procedure.
3. Insertion: The colonoscope is inserted through the rectum and guided through the colon, allowing the healthcare provider to visually examine the lining of the colon.
4. Visualization: The colonoscope is equipped with a camera and light on the end, which transmits images of the colon lining to a monitor. The healthcare provider can see any abnormalities, such as polyps, ulcers, or inflammation.

What a colonoscopy might show:

1. Normal colon: A normal colonoscopy would show a healthy, pinkish-red lining with no abnormalities, polyps, or lesions.
2. Polyps: Colonoscopy can detect polyps, which are growths that can be benign or cancerous. Benign polyps are typically small and can be removed during the procedure. Cancerous polyps are typically larger and may require further evaluation and treatment.
3. Adenomas: Adenomas are a type of polyp that can develop into colon cancer if left untreated. Colonoscopy can detect adenomas and allow for removal, which can reduce the risk of colon cancer.
4. Inflammatory bowel disease (IBD): Colonoscopy can show signs of IBD, such as inflammation, ulcers, and narrowing of the colon.
5. Diverticula: Diverticula are small pouches that can form in the colon wall, which can become inflamed and cause symptoms.
6. Cancer: Colonoscopy can detect colon cancer, which typically appears as a",4
179,What would cause immunocompromise?,"Immunocompromise refers to a state of impaired immune function, making an individual more susceptible to infections, cancer, or autoimmune diseases. There are several factors that can cause immunocompromise, including:

1. Genetic disorders:
	* Primary immunodeficiency diseases, such as severe combined immunodeficiency (SCID), Bruton's agammaglobulinemia, and Wiskott-Aldrich syndrome.
	* Familial hyper-IgM syndrome, which is characterized by impaired antibody production.
2. Infections:
	* HIV/AIDS, which can lead to CD4+ T-cell depletion and impaired immune function.
	* Viral infections, such as herpes simplex, varicella-zoster, and Epstein-Barr virus, which can cause immunosuppression.
	* Bacterial infections, such as tuberculosis, which can lead to immunosuppression and increased susceptibility to opportunistic infections.
3. Cancer:
	* Lymphoma, which can cause immunosuppression and impaired immune function.
	* Leukemia, which can lead to immunosuppression and increased susceptibility to infections.
4. Medications:
	* Immunosuppressive medications, such as corticosteroids, azathioprine, and cyclophosphamide, which are used to treat autoimmune diseases, organ transplantation, and cancer.
	* Chemotherapy, which can cause immunosuppression and increased susceptibility to infections.
5. Organ transplantation:
	* Recipients of organ transplants, particularly those receiving immunosuppressive therapy, are at increased risk of infections and cancer.
6. Malnutrition:
	* Protein-energy malnutrition, which can impair immune function and increase susceptibility to infections.
7. Chronic diseases:
	* Diabetes, which can cause immunosuppression and increased susceptibility to infections.
	* Chronic kidney disease, which can lead to immunosuppression and increased susceptibility to infections.
8. Aging:
	* Immunosenescence, which is the",4
180,Whats Keratosis Pilaris,"Keratosis pilaris (KP) is a common, harmless skin condition characterized by the appearance of small, rough, sandpapery patches or bumps on the skin. It is caused by the buildup of keratin, a protein that protects the skin, in the hair follicles.

KP typically affects the arms, legs, buttocks, and cheeks, and is more common in people with dry skin, eczema, or atopic dermatitis. It is often seen in children and adolescents, but can also occur in adults.

The symptoms of KP include:

1. Small, rough, sandpapery patches or bumps on the skin
2. Dry, rough, or scaly skin
3. Itching or tingling sensation on the affected areas
4. Redness or inflammation around the affected areas

The exact cause of KP is not fully understood, but it is thought to be related to:

1. Genetic predisposition: KP tends to run in families, suggesting a possible genetic component.
2. Dry skin: KP is more common in people with dry skin, which can lead to the buildup of keratin in the hair follicles.
3. Hormonal changes: Hormonal fluctuations during puberty, pregnancy, or menopause can trigger KP.
4. Environmental factors: Exposure to cold weather, dry air, or harsh soaps can exacerbate KP.

There is no cure for KP, but there are several treatment options available to manage its symptoms:

1. Moisturizers: Keeping the skin hydrated with gentle, non-comedogenic moisturizers can help reduce the appearance of KP.
2. Exfoliants: Gently exfoliating the skin with alpha-hydroxy acids (AHAs) or beta-hydroxy acids (BHAs) can help remove dead skin cells and reduce the appearance of KP.
3. Topical creams: Over-the-counter (OTC) creams containing urea, hyaluronic acid, or salicylic acid",4
181,Whats a cluster headache?,"A cluster headache is a type of primary headache disorder characterized by recurring, severe, and debilitating headaches that occur in clusters or cycles. It is a rare and complex condition that affects approximately 0.1% of the general population.

Clinical Features:

Cluster headaches typically present with the following characteristics:

1. Recurring episodes: Cluster headaches occur in clusters or cycles, with periods of frequent attacks (active periods) followed by periods of remission (dormant periods).
2. Severe pain: The pain is typically severe, excruciating, and one-sided, often described as a piercing or stabbing sensation.
3. Location: The pain is usually located on one side of the head, often in the temple, eye, or forehead region.
4. Duration: Attacks typically last between 15 minutes to 3 hours, with some lasting up to 24 hours.
5. Autonomic symptoms: Cluster headaches are often accompanied by autonomic symptoms, such as:
	* Conjunctival injection (redness of the eye)
	* Nasal congestion
	* Rhinorrhea (runny nose)
	* Lacrimation (tearing)
	* Pupillary dilation
	* Sweating
	* Horner's syndrome (a combination of miosis, ptosis, and anhidrosis)
6. Trigger factors: Triggers for cluster headaches are not well understood, but they may include:
	* Hormonal changes
	* Sleep patterns
	* Stress
	* Environmental factors (e.g., changes in weather, altitude)

Pathophysiology:

The exact pathophysiology of cluster headaches is still unclear, but it is thought to involve a complex interplay between neurotransmitters, blood vessels, and the trigeminal nerve. Some theories suggest that cluster headaches may be related to:

1. Activation of the trigeminal nerve
2. Release of calcitonin gene-related peptide (CGRP)
3. Vasodilation and inflammation in the trigem",5
182,Whats good for muscular pain,"Muscular pain, also known as myalgia, can be caused by a variety of factors, including overuse, injury, or underlying medical conditions. Here are some evidence-based treatments that may help alleviate muscular pain:

1. Topical creams and ointments:
	* Topical capsaicin cream: Capsaicin, the active ingredient in chili peppers, can help reduce pain by blocking the production of a chemical called substance P, which transmits pain signals to the brain. Studies have shown that topical capsaicin cream can be effective in reducing muscular pain.
	* Topical lidocaine cream: Lidocaine is a local anesthetic that can help numb the affected area, reducing pain and discomfort.
	* Topical arnica gel: Arnica is a natural ingredient that has anti-inflammatory and pain-relieving properties. Studies have shown that topical arnica gel can be effective in reducing muscular pain and inflammation.
2. Oral medications:
	* Over-the-counter (OTC) pain relievers: Nonsteroidal anti-inflammatory drugs (NSAIDs) such as ibuprofen (Advil, Motrin) and acetaminophen (Tylenol) can help reduce pain and inflammation.
	* Prescription pain relievers: For more severe pain, prescription medications such as cyclobenzaprine (Flexeril) and carisoprodol (Soma) may be prescribed.
3. Physical therapy:
	* Stretching and exercise: Gentle stretching and exercise can help reduce muscle tension and alleviate pain.
	* Massage therapy: Massage can help reduce muscle spasms and improve blood flow to the affected area.
4. Alternative therapies:
	* Acupuncture: This ancient Chinese practice involves inserting thin needles into specific points on the body to stimulate healing and reduce pain.
	* Chiropractic care: Chiropractors use spinal manipulation and other techniques to help reduce muscle tension and alleviate pain.
5. Lifestyle modifications:
	* Rest and",4
183,Whats menigitis?,"Meningitis is a serious and potentially life-threatening infection that occurs when the protective membranes (meninges) surrounding the brain and spinal cord become inflamed. This inflammation can be caused by a variety of pathogens, including bacteria, viruses, and fungi.

There are several types of meningitis, including:

1. Bacterial meningitis: This is the most severe and potentially life-threatening form of meningitis. It is caused by bacteria such as Neisseria meningitidis (meningococcus), Streptococcus pneumoniae, and Haemophilus influenzae type b (Hib). Bacterial meningitis can progress rapidly and can lead to serious complications, such as brain damage, hearing loss, and even death.
2. Viral meningitis: This is a less severe form of meningitis that is caused by viruses such as enteroviruses, herpesviruses, and arboviruses. Viral meningitis is typically self-limiting, meaning that it will resolve on its own without treatment.
3. Fungal meningitis: This is a rare form of meningitis that is caused by fungi such as Cryptococcus neoformans and Aspergillus species. Fungal meningitis is typically seen in people with weakened immune systems, such as those with HIV/AIDS or undergoing chemotherapy.

The symptoms of meningitis can vary depending on the type of infection and the individual's age and overall health. Common symptoms of meningitis include:

* Severe headache
* Fever
* Stiff neck
* Confusion or disorientation
* Vomiting
* Sensitivity to light
* Rash (in some cases)

Meningitis can be diagnosed using a combination of physical examination, medical history, and laboratory tests, including:

* Lumbar puncture (spinal tap): This involves inserting a needle into the lower back to collect a sample of cerebrospinal fluid (CSF) for examination.
* Blood tests: These can help identify the presence of",5
184,Whats the difference between Valtrex and Acyclovir?,"Valtrex (valacyclovir) and Acyclovir are both antiviral medications used to treat herpes simplex virus (HSV) infections, including cold sores, genital herpes, and shingles. While they share some similarities, there are key differences between the two medications.

Similarities:

1. Mechanism of action: Both Valtrex and Acyclovir work by inhibiting the replication of HSV, thereby reducing the severity and duration of symptoms.
2. Antiviral activity: Both medications have antiviral activity against HSV-1 and HSV-2, the viruses that cause cold sores and genital herpes.

Differences:

1. Prodrug: Valtrex is a prodrug, meaning it is converted into acyclovir in the body. Acyclovir, on the other hand, is an active compound that does not require conversion.
2. Bioavailability: Valtrex has a higher bioavailability than Acyclovir, meaning it is absorbed more efficiently into the bloodstream. This results in higher concentrations of acyclovir in the blood and potentially more effective treatment.
3. Dosing: Valtrex is available in a single daily dose, whereas Acyclovir is typically dosed three to five times a day.
4. Duration of action: Valtrex has a longer duration of action than Acyclovir, with a half-life of 2.5-3.5 hours compared to Acyclovir's half-life of 1-2 hours.
5. Side effects: Valtrex is generally better tolerated than Acyclovir, with fewer reports of gastrointestinal side effects such as nausea, vomiting, and diarrhea.
6. Indications: Valtrex is approved for the treatment of genital herpes, cold sores, and shingles, while Acyclovir is primarily used for the treatment of cold sores and genital herpes.
7. Resistance: Valtrex has been shown to be effective",5
185,Which doctor should i go to for vertigo,"Vertigo is a complex condition that can be caused by a variety of factors, including inner ear problems, neurological disorders, and other underlying medical conditions. As a result, it's often best to see a specialist who has experience in diagnosing and treating vertigo. Here are some options to consider:

1. Ear, Nose, and Throat (ENT) Specialist: ENT specialists, also known as otolaryngologists, are trained to diagnose and treat ear-related conditions, including vertigo. They can perform tests such as the Dix-Hallpike maneuver and electronystagmography (ENG) to help identify the underlying cause of your vertigo.
2. Neurologist: Neurologists are trained to diagnose and treat conditions affecting the brain and nervous system, including vertigo. They can perform tests such as the Romberg test and the head impulse test to help identify the underlying cause of your vertigo.
3. Physical Therapist: Physical therapists who specialize in vestibular rehabilitation therapy (VRT) can help you manage your vertigo symptoms and improve your balance and coordination. They can also provide exercises and stretches to help alleviate your symptoms.
4. Chiropractor: Chiropractors who specialize in treating vertigo can use spinal manipulation and other techniques to help alleviate your symptoms. However, it's important to note that the effectiveness of chiropractic care for vertigo is still debated and more research is needed to fully understand its benefits.

When choosing a doctor to see for vertigo, consider the following factors:

* Experience: Look for a doctor who has experience in diagnosing and treating vertigo. Ask about their experience and success rates in treating patients with vertigo.
* Specialization: Consider seeing a specialist who has expertise in treating vertigo, such as an ENT specialist or a neurologist.
* Availability: Make sure the doctor has availability to see you at a time that is convenient for you.
* Insurance: Check with your insurance provider to see if they cover the doctor",4
